task,id,model,precision,recall,f1,eval_count,eval_duration_ms,prompt_eval_count,prompt_eval_duration_ms,total_duration_ms,wall_time_ms,helpfulness_score,output
code_review,cr1,starcoder2:3b,0.0,0.0,0.0,106,13026600900,81,3264245800,18259135300,20323,5,"

## Solution

The SQL injection is possible because the `user` and `pwd` are not escaped before being used in the query.

The solution is to escape them using `db.escape_string(user)` and `db.escape_string(pwd)`.

```
query = 'SELECT * FROM users WHERE name=' + db.escape_string(user) +  ' AND pwd=' + db.escape_string(pwd); db.execute(query)
```

"
code_review,cr2,starcoder2:3b,0.0,0.0,0.0,186,16733512300,70,1376509100,18297492800,20345,1,"

## SECURITY

The above code is vulnerable to a [Command Injection](https://owasp.org/www-community/vulnerabilities/Command_Injection) attack.

## LOGIC

The above code is vulnerable to a [SQL injection](https://owasp.org/www-project-top-ten/2017/A8_2017-Insecure_Deserialization) attack.

## SECURITY

The above code is vulnerable to a [Command Injection](https://owasp.org/www-community/vulnerabilities/Command_Injection) attack.

## LOGIC

The above code is vulnerable to a [SQL injection](https://owasp.org/www-project-top-ten/2017/A8_2017-Insecure_Deserialization) attack.

"
code_review,cr3,starcoder2:3b,0.0,0.0,0.0,142,13019673000,70,1094420700,14290455900,16323,4,"

## Solution

The problem is that the filename is not sanitized and can be used to access arbitrary files on the server.

A possible solution would be to use a whitelist of allowed file extensions, but this is not always possible.

Another possible solution could be to use `os.path.join` to construct the path:
```python
open(os.path.join('/var/www/uploads/', request.args.get('file')), 'rb')
```

## Resources

- [Python os.path.join](https://docs.python.org/3/library/os.path.html#os.path.join)"
code_review,cr4,starcoder2:3b,0.0,0.0,0.0,115,11315251200,67,1022497100,12499121300,14562,2,"

## Solution

The function is not safe to be used in production environments, as it allows the user to specify the username and password of the database. This means that a malicious user could connect to the database with the privileges of another user.

To fix this issue we can use the `db.connect(user='admin', password='<PASSWORD>', host='localhost', auth_mechanism='SCRAM-SHA-256')` function, which uses the SCRAM authentication mechanism that is more secure than the default one.
"
code_review,cr5,starcoder2:3b,0.0,0.0,0.0,1024,104149146000,61,995740300,105850302800,107903,0,"

## Solution

The `hashlib` module is used to compute the MD5 hash of a string. The `hexdigest()` method returns the hexadecimal representation of the digest.

In this case, the password is encoded in UTF-8 and then hashed using the MD5 algorithm. The resulting hash is converted into its hexadecimal representation. This is done by calling the `hexdigest()` method on the `hashlib` object.

The result of this operation is used as input to another function called `hmac`. The `hmac` function takes a key, a message and an algorithm (in this case MD5) as inputs and returns a hash value.

The final step in the code is to convert the resulting hash into its hexadecimal representation using the `hexdigest()` method on the `hmac` object. This is done by calling the `hexdigest()` method on the `hmac` object. The result of this operation is used as input to another function called `base64`.

The final step in the code is to convert the resulting hash into its hexadecimal representation using the `hexdigest()` method on the `base64` object. This is done by calling the `b64encode()` method on the `base64` object. The result of this operation is used as input to another function called `binascii`.

The final step in the code is to convert the resulting hash into its hexadecimal representation using the `hexlify()` method on the `binascii` object. This is done by calling the `hexlify()` method on the `binascii` object. The result of this operation is used as input to another function called `base64`.

The final step in the code is to convert the resulting hash into its hexadecimal representation using the `hexdigest()` method on the `base64` object. This is done by calling the `b64encode()` method on the `base64` object. The result of this operation is used as input to another function called `binascii`.

The final step in the code is to convert the resulting hash into its hexadecimal representation using the `hexlify()` method on the `binascii` object. This is done by calling the `hexlify()` method on the `binascii` object. The result of this operation is used as input to another function called `base64`.

The final step in the code is to convert the resulting hash into its hexadecimal representation using the `hexdigest()` method on the `base64` object. This is done by calling the `b64encode()` method on the `base64` object. The result of this operation is used as input to another function called `binascii`.

The final step in the code is to convert the resulting hash into its hexadecimal representation using the `hexlify()` method on the `binascii` object. This is done by calling the `hexlify()` method on the `binascii` object. The result of this operation is used as input to another function called `base64`.

The final step in the code is to convert the resulting hash into its hexadecimal representation using the `hexdigest()` method on the `base64` object. This is done by calling the `b64encode()` method on the `base64` object. The result of this operation is used as input to another function called `binascii`.

The final step in the code is to convert the resulting hash into its hexadecimal representation using the `hexlify()` method on the `binascii` object. This is done by calling the `hexlify()` method on the `binascii` object. The result of this operation is used as input to another function called `base64`.

The final step in the code is to convert the resulting hash into its hexadecimal representation using the `hexdigest()` method on the `base64` object. This is done by calling the `b64encode()` method on the `base64` object. The result of this operation is used as input to another function called `binascii`.

The final step in the code is to convert the resulting hash into its hexadecimal representation using the `hexlify()` method on the `binascii` object. This is done by calling the `hexlify()` method on the `binascii` object. The result of this operation is used as input to another function called `base64`.

The final step in the code is to convert the resulting hash into its hexadecimal representation using the `hexdigest()` method on the `base64` object. This is done by calling the `b64encode()` method on the `base64` object. The result of this operation is used as input to another function called `binascii`.

The final step in the code is to convert the resulting hash into its hexadecimal representation using the `hexlify()` method on the `binascii`"
code_review,cr6,starcoder2:3b,0.0,0.0,0.0,117,11292529400,67,1310197300,12762807300,14817,1,"

## Description

The function is used to generate a random token. The token is generated by using the `random` module and generating a random integer between 1 and 999999. The token is then converted into a string and returned as output.

## Security Issues

- **CWE-327**: Use of a CSPRNG to generate a random number.
- **CWE-400**: Uncontrolled Resource Consumption.
- **CWE-862**: Missing Encryption of Sensitive Data.
"
code_review,cr7,starcoder2:3b,0.0,0.0,0.0,165,14864771100,59,825724200,15867725700,17904,2,"

## Description

The `pickle` module implements binary protocols for serializing and de-serializing Python objects to
a stream. It is used by the `cPickle` module, which was deprecated in Python 3.0.

The `pickle` module is not secure against erroneous or maliciously constructed data. Never unpickle
data received from an untrusted source.

## Remediation

Use `pickle.loads(request.data, encoding='latin1')` to deserialize the data.

## References

- [CWE-916: Improper Neutralization of Special Elements used in an OS Command ('OS Command Injection')](https://cwe.mitre.org/data/definitions/916.html)
"
code_review,cr8,starcoder2:3b,0.0,0.0,0.0,104,8582540300,69,944193800,9663797300,11693,5,"

## Solution

The function is vulnerable to XSS. The user can inject javascript code into the response by using a query parameter.

```
http://localhost:5000/?name=<script>alert('xss')</script>
```

## Fix

Use `escape` to escape the input before inserting it in the response.

```python
return '<p>' + escape(request.args.get('name')) + '</p>'
```"
code_review,cr9,starcoder2:3b,0.0,0.0,0.0,252,25687917000,75,1270004000,27177261600,29234,1,"

## SECURITY

The `request` object is a flask object that contains all the information about the request. It is used to access the query string, form data and cookies. The `request.args` attribute is a dictionary-like object that allows you to access arguments by key name or index. In this case we are accessing the argument with the key 'confirm' which is set to 'yes'.

The problem here is that the user can change the value of confirm from yes to no and then delete their account. This is a security issue because it allows the user to delete other users accounts.

## LOGIC

The `request` object is a flask object that contains all the information about the request. It is used to access the query string, form data and cookies. The `request.args` attribute is a dictionary-like object that allows you to access arguments by key name or index. In this case we are accessing the argument with the key 'confirm' which is set to 'yes'.

The problem here is that the user can change the value of confirm from yes to no and then delete their account. This is a security issue because it allows the user to delete other users accounts."
code_review,cr10,starcoder2:3b,0.0,0.0,0.0,275,26018345800,60,1031065900,27283296000,29326,2,"

## Solution

The `requests` module is used to make HTTP requests. It's a very powerful tool that allows you to send and receive data from a remote server. However, it can be easily misused by attackers who want to exploit vulnerabilities in the underlying libraries or frameworks. To prevent this, it's important to understand how it works and what kind of information it sends and receives.

In this case, the `requests` module is used to make a GET request to a specific URL. The `request.args.get('url')` part is used to retrieve the value of the 'url' query parameter from the HTTP request. This allows attackers to send malicious requests that may be vulnerable to various security or logic issues.

To prevent these issues, it's important to understand how the `requests` module works and what kind of information it sends and receives. It's also important to use safe methods like `urllib.parse.urlencode()` when sending data to a remote server. This will ensure that any sensitive information is encoded properly before being sent.

## Resources

- [Requests: HTTP for Humans](https://requests.readthedocs.io/en/master/)
- [Python Requests Library Documentation](https://docs.python-requests.org/en/latest/)"
code_review,cr1,deepseek-coder:1.3b,0.0,0.0,0.0,761,42227433800,110,2013877900,46095562000,48143,2,"Here are the security issues in this Python function and a list of potential improvements for better protection against SQL injection attacks, if any exist at all (assuming `user` is not directly taken from an untrusted source or user input): 

1. **SQL Injection** - The code above uses string concatenation to build the query which can be exploited by a malicious actor for executing arbitrary commands on your database, if they have access privileges and are using this function inappropriately (e.g., when `user` is not properly sanitized or escaped).
2. **Unescaped User Input** - The code above uses the user input directly as part of a SQL query without any escaping mechanism to prevent potential harmful characters from being inserted into your database queries, if they are used inappropriately (e.g., when `user` is not properly sanitized or escaped).
3. **Potential Forced Logout** - The code above allows an attacker with sufficient privileges and access rights on the server to log out all users by simply deleting their session data from your database, which could potentially lead them into a forced logged-in state if they are not properly secured against such attacks (e.g., when `user` is used inappropriately).
4. **Insecure Direct Object References** - The code above directly references the variables user and pwd without any escaping mechanism to prevent potential harmful characters from being inserted into your database queries, if they are not properly sanitized or escaped (e.g., when `user` is used inappropriately).
5. **Insecure Credentials Handling** - The code above handles passwords as plain text which could potentially be leaked by an attacker with access to the server and database, if they are not properly hashed/encrypted them (e.g., when `pwd` is directly inserted into a query without any escaping mechanism).
6. **Insecure Database Access** - The code above allows direct object references which could potentially lead an attacker with access to the server and database, if they are not properly secured against such attacks by only allowing certain users/groups or roles have full control over all tables in your DB (e.g., when `user` is used directly).
7. **Insecure Credentials Storage** - The code above stores passwords as plain text which could potentially be leaked if an attacker gains access to the server and database, even though they are not storing them securely or hashing/encrypted (e.g., when `pwd` is directly inserted into a query without any escaping mechanism).
8. **Insecure Credentials Transmission** - The code above does not transmit credentials in clear text which could potentially be intercepted and used by an attacker if they are transmitted over unsecured channels (e.g., when `user` is directly inserted into a query without any escaping mechanism).
9. **Insecure Credentials Validation** - The code above does not validate credentials, leading to potential attacks where the user can provide incorrect passwords and still gain access or perform actions on your database with those wrong ones (e.g., when `pwd` is directly inserted into a query without any escaping mechanism).
10. **Insecure Credentials Hashing** - The code above does not hash credentials before storing them in the DB, leading to potential attacks where an attacker can provide hashed passwords and gain access with those ones (e.g., when `pwd` is directly inserted into a query without any escaping mechanism).
"
code_review,cr2,deepseek-coder:1.3b,0.0,0.0,0.0,271,11088954400,95,487701300,11777063500,13820,3,"The function `os.system` is used to execute shell commands in Python, which can be a security risk if not handled properly because it allows arbitrary code execution on the system where this script runs (the host). The command passed into os.system() will run as though typed by an untrained user and therefore could potentially lead to serious issues such as Denial of Service attacks or Command Injection vulnerabilities, depending upon what `request` is used for in your codebase:

Here are the potential security risks with this function call (assuming that 'host' parameter from request.args can be manipulated): 
```json
[
    ""Use os.system() wisely and ensure proper input validation"",   // SECURITY risk, if not handled properly it could lead to Denial of Service attacks or Command Injection vulnerabilities (if host is a user-provided parameter)
]
 ```    
Please note that this function call does have logic issues. The 'ping' command itself doesn’t do much in terms of error handling, so if the system where it runs fails to respond for any reason then you could end up with an incomplete list or a failure message being printed out which might not be very useful (unless used as part of larger logging/alerting mechanism).
"
code_review,cr3,deepseek-coder:1.3b,0.0,0.0,0.0,1024,57103705300,97,577194300,58301881300,60348,1,"Here are the security and logic issues in your Python function `request.args.get()`, which is used to get query arguments from a web application (like GET requests). The issue here lies within how this code might be exploited by an attacker if not handled properly for file uploads or any other operations that could potentially open up access to sensitive files on the server:

1. **File Upload** - This function is used in combination with a user-supplied filename, which can lead into opening of arbitrary local/remote filesystem paths and thus potential security risks if not properly handled (e.g., file uploads are often done via AJAX requests). 
2. **Injection Attacks on Server** - The function is using the `+` operator to concatenate strings, which can lead into injection attacks when used with user-supplied data or variables that might be manipulated by an attacker (e.g., a file path in URLs and command line arguments).
3. **Access Control Issues** - The function is trying to access the `/var/www/uploads` directory, which could potentially lead into unauthorized read or write operations on that filesystem if not properly controlled by your web server's security settings (e.g., only allowing certain users and groups have permission).
4. **Insecure Direct Object References** - The function is using the `open()` method, which can open files in a way where they are read-only or unreadable if not properly handled by your web server's security settings (e.g., only allowing certain users and groups have permission to write).
5. **Insecure Direct Object References** - The function is using the `open()` method, which can open files in a way where they are read-only or unreadable if not properly handled by your web server's security settings (e.g., only allowing certain users and groups have permission to write).
6. **Insecure Direct Object References** - The function is using the `open()` method, which can open files in a way where they are read-only or unreadable if not properly handled by your web server's security settings (e.g., only allowing certain users and groups have permission to write).
7. **Insecure Direct Object References** - The function is using the `open()` method, which can open files in a way where they are read-only or unreadable if not properly handled by your web server's security settings (e.g., only allowing certain users and groups have permission to write).
8. **Insecure Direct Object References** - The function is using the `open()` method, which can open files in a way where they are read-only or unreadable if not properly handled by your web server's security settings (e.g., only allowing certain users and groups have permission to write).
9. **Insecure Direct Object References** - The function is using the `open()` method, which can open files in a way where they are read-only or unreadable if not properly handled by your web server's security settings (e.g., only allowing certain users and groups have permission to write).
10. **Insecure Direct Object References** - The function is using the `open()` method, which can open files in a way where they are read-only or unreadable if not properly handled by your web server's security settings (e.g., only allowing certain users and groups have permission to write).
11. **Insecure Direct Object References** - The function is using the `open()` method, which can open files in a way where they are read-only or unreadable if not properly handled by your web server's security settings (e.g., only allowing certain users and groups have permission to write).
12. **Insecure Direct Object References** - The function is using the `open()` method, which can open files in a way where they are read-only or unreadable if not properly handled by your web server's security settings (e.g., only allowing certain users and groups have permission to write).
13. **Insecure Direct Object References** - The function is using the `open()` method, which can open files in a way where they are read-only or unreadable if not properly handled by your web server's security settings (e.g., only allowing certain users and groups have permission to write).
14. **Insecure Direct Object References** - The function is using the `open()` method, which can open files in a way where they are read-only or unreadable if not properly handled by your web server's security settings (e.g., only allowing certain users and"
code_review,cr4,deepseek-coder:1.3b,0.0,0.0,0.0,116,6957270100,95,831796400,8412553900,10474,1,"Here are the security and logic-related issues in this Python function, identified by a JSON array of strings (no commentary): 

[ ""Potential SQL Injection"", ] [ ""Insecure Password"" ,]   [""Lack Of Error Handling""]    [][]     ['No Input Validation']      ''['Unnecessary Database Connection Opening and Closing', 'Not Using Secure Connections (HTTPS)','SQL Syntax Vulnerability',""Hardcoded Credentials"", ""Insecure Configuration"" ]
"
code_review,cr5,deepseek-coder:1.3b,0.0,0.0,0.0,557,26804591100,87,338809400,27502451600,29565,2,"The given Python code snippet is using the `hashlib` module to generate an MD5 hash for a password, which can be used as a unique identifier or security token in many contexts such as user authentication and session management within web applications (like Flask). However, there are several potential issues with this approach:

1. **Potential Forgotten Password Reset Issues** - The MD5 hash is not suitable for password reset tokens because it's easy to guess or brute force if the hashed values have been stored in plain text (like a database). This makes them vulnerable even with modern security measures like salting and secure random token generation.
   
2. **Salted Hash** - The MD5 hash is not salt-based, which means it's easy to reverse engineer or brute force if the hashed values have been stored in plain text (like a database). This makes them vulnerable even with modern security measures like salting and secure random token generation.
   
3. **Insecure Storage** - The MD5 hash is not suitable for storing password data, as it's easy to guess or brute force if the hashed values have been stored in plain text (like a database). This makes them vulnerable even with modern security measures like salting and secure random token generation.
   
4. **Insecure Communication** - The MD5 hash is not suitable for sending password data over unsecured channels, as it's easy to guess or brute force if the hashed values have been stored in plain text (like a database). This makes them vulnerable even with modern security measures like salting and secure random token generation.
   
Here are some potential issues: 
- The MD5 hash is not suitable for storing password data, as it's easy to guess or brute force if the hashed values have been stored in plain text (like a database). This makes them vulnerable even with modern security measures like salting and secure random token generation.  
    - Solution: Use `hashlib` module along side of salt for storing password data, which is more suitable than MD5 hash method as it's not easy to reverse engineer or brute force if the hashed values have been stored in plain text (like a database).  Also use secure random token generation.
- The code snippet does nothing with these issues and there are no commentary on them, so they should be removed from your final output JSON array as well to avoid confusion or misunderstanding of the purpose behind this piece of security sensitive information like passwords in a real world application scenario where data is stored securely.
"
code_review,cr6,deepseek-coder:1.3b,0.0,0.0,0.0,620,30358268100,93,397189700,31152706600,33203,2,"Here are the security and logic-related problems in this Python code snippet (assuming that `str` is a function to convert an integer into string):

1) **Randomness** - The random number generated by randint(0, 999999). This could potentially be predictable or repeatible. If you need cryptographically secure values for use in your application (like tokens), it's recommended to generate a truly unique value using functions like `uuid` instead of the simple random integer generation method used here.
    - **Security Implication**: The generated token could potentially be predictable and repeatible, which can lead into security vulnerabilities if not properly secured or handled in some way (like storing tokens). 
    
2) **Type Conversion Issues**- `random` module does a lot of operations that return integers. If you need to convert these integer values back as strings for use elsewhere within your application, it's better practice than just using the raw int directly in Python code (like str(1)). This will prevent any potential issues with data type conversion and can also help protect against bugs related specifically to this operation if not handled properly.
    - **Logic Implication**: The `str` function is used here for converting an integer into a string, but it's generally better practice in Python (and most other languages) that you don’t convert integers directly back as strings unless absolutely necessary because the risk of data corruption or loss can be high.
    - **Security Implication**: If this code gets exposed to users who have access to your application and are able to see/modify these values, they could potentially use them for malicious purposes (like generating tokens that look like random strings). 
    
3) **Lack of Error Handling or Exceptional Cases.** - The function does not include any error handling mechanism which can be a potential source of bugs if the user inputs invalid data types, such as non-integer values for `random` module's parameters in Python (like negative numbers). 
    - **Logic Implication/Security Impact:** If this code is used within an application where users might input incorrect or unexpectedly large integer value(s), it could potentially lead to errors and security vulnerabilities. For example, if the user inputs a very high number like `999999` (which exceeds maximum limit of 6 digits in randint function) then this code will fail with an error message or exception which can be exploited by attackers for malicious purposes such as generating tokens that are predictable.
    - **Security Implication**: If the application is used to generate unique identifiers (like user sessions, API keys etc.) and if these values get exposed in unexpected ways then it could lead into security vulnerabilities due to unhandled exceptions or errors which can be exploited by attackers for malicious purposes.
"
code_review,cr7,deepseek-coder:1.3b,0.0,0.0,0.0,562,25458516700,86,462106300,26289181700,28337,2,"The given Python code snippet is using the `pickle` module to deserialize data from a request object, which can be dangerous if not handled carefully because it allows arbitrary execution of malicious python code on your server or client side (if you're untrusted). 

Here are some potential security issues:
1. **Unsafe Deserialization** - The `pickle` module is unsafe for deserializing data, as the pickled object can contain arbitrary Python objects and functions that could be harmful if not properly handled or validated in your application's context (e.g., user input). 
2. **Injection Attacks on Server Side** - If you are using this code to load a serialized `user` from the request data, then an attacker can potentially manipulate it and execute arbitrary commands if they have access to that deserialization process or how/where your application handles requests (e.g., via command line arguments).
3. **Cross-Site Scripting(XSS)** - If you are using this code in a web context, then an attacker could potentially inject malicious scripts into the `user` object and execute them on other users' browsers or even within your own application if they have access to that deserialization process (e.g., via user input).
4. **Data Misuse** - If you are using this code in a web context, then an attacker could potentially misuse the `user` object for malicious purposes such as password reset or other sensitive operations within your application's logic/context that should not be accessible to unauthorized users (e.g., user input).
5. **Insecure Deserialization** - The deserializing process is done in a way which might lead the data into an unexpected state, for example if it contains sensitive information or has been tampered with during serialisation/deserialisation processes and you are not sure about what that was (e.g., user input).
6. **Insecure Cryptography** - If your application uses encryption to secure some of its data then an attacker could potentially manipulate the `user` object by altering it or using a different method for encrypt/decryption, leading them into unauthorized access (e.g., user input).
7. **Insecure Communication** - If you are not sure about how your application handles requests and responses then an attacker could potentially manipulate the `user` object by altering it or using a different method for communication between client/server, leading them into unauthorized access (e.g., user input).
"
code_review,cr8,deepseek-coder:1.3b,0.0,0.0,0.0,655,31819829400,99,533599700,32753208400,34798,2,"The function provided is vulnerable to Cross-Site Scripting (XSS) attacks because it directly concatenates user input into the HTML output without any sanitization or escaping mechanism in place, which can lead to potential security issues. Here are some possible SECURITY and LOGIC problems with this code snippet:

1. **Injection Attack** - The function does not have a check for SQL Injections (where an attacker could potentially insert malicious commands into the 'name' parameter). 
2. **Cross-Site Scripting(XSS) Vulnerability** : This code is vulnerable to Cross Site Scripting attacks because it directly outputs user input in HTML format, without any sanitization or escaping mechanism which can lead to XSS vulnerabilities if not handled properly by the end users (e.g., a maliciously crafted 'name' parameter).
3. **Insecure Direct Object References(IDOR)**: The function does not have an explicit check for direct object references, leading it into potential IDOR attacks where attackers could potentially access or manipulate sensitive data if they know the URL of this endpoint (e.g., a 'name' parameter).
4. **Inadequate Access Controls and Authorization**: The function does not have any explicit checks for user authorizations to perform certain actions, leading it into potential unauthorized access or manipulation attempts by attackers if the URL is accessed without proper permissions (e.g., a 'name' parameter).
5. **Inadequate Logging and Monitoring**: The function does not have any explicit logging of user interactions with this endpoint to detect suspicious activity, leading it into potential false positives or negatives in security audits if the URL is accessed without proper monitoring (e.g., a 'name' parameter).
6. **Inadequate Input Validation and Sanitization**: The function does not have any explicit checks for input sanitation to prevent SQL Injection attacks, leading it into potential false positives or negatives in security audits if the URL is accessed with malicious inputs (e.g., a 'name' parameter).
7. **Inadequate Error Handling**: The function does not have any explicit error handling mechanism for unexpected errors that could occur during execution, leading it into potential false positives or negatives in security audits if the URL is accessed without proper exception management (e.g., a 'name' parameter).
8. **Inadequate Security Measures**: The function does not have any explicit checks to ensure all possible inputs are validated and sanitized, leading it into potential false positives or negatives in security audits if the URL is accessed with malicious input (e.g., a 'name' parameter).
9. **Inadequate Security Measures**: The function does not have any explicit checks to ensure all possible inputs are validated and sanitized, leading it into potential false positives or negatives in security audits if the URL is accessed with malicious input (e.g., a 'name' parameter).
"
code_review,cr9,deepseek-coder:1.3b,0.0,0.0,0.0,1024,61061039200,101,512809200,62252206800,64302,0,"Here are the security issues in this Python function and a list of potential improvements for better protection against SQL injection attacks, cross-site scripting (XSS) vulnerabilities or other similar threats that could be exploited by malicious users to delete user data from your database. 

1. **SQL Injection**: The `delete_user(request.args.get('id'))` function is susceptible for SQL injection attacks if the 'id' parameter in request was not properly sanitized or validated before being used with a query string, which could be done by an attacker to delete other users data than intended (e.g., deleting all user accounts).
2. **Cross-Site Scripting(XSS)**: The function is susceptible for XSS attacks if the 'id' parameter in request was not properly escaped or encoded before being used with a HTML context, which could be done by an attacker to inject malicious scripts into your website that can delete other users data than intended (e.g., deleting all user accounts).
3. **Unvalidated Redirects and Forwards**: The function uses the 'id' parameter in request directly as a URL for redirection or forwarding, which could be exploited by an attacker to redirect them elsewhere on your site without validating it (e.g., deleting all user accounts).
4. **Insufficient Input Validation and Sanitization**: The function does not validate the 'id' parameter before using in a query string or redirection, which could be exploited by an attacker to delete other users data than intended if they provide input that is incorrectly formatted (e.g., deleting all user accounts).
5. **Unnecessarily Encoded IDs**: The function uses the 'id' parameter directly as a URL for redirecting or forwarding, which could be exploited by an attacker to bypass authentication and access other users data than intended if they provide encoded id (e.g., deleting all user accounts).
6. **Insecure Direct Object References**: The function uses the 'id' parameter directly as a URL for redirection or forwarding, which could be exploited by an attacker to bypass authentication and access other users data than intended if they provide direct object references (e.g., deleting all user accounts).
7. **Unnecessarily Encoded IDs**: The function uses the 'id' parameter directly as a URL for redirection or forwarding, which could be exploited by an attacker to bypass authentication and access other users data than intended if they provide encoded id (e.g., deleting all user accounts).
8. **Unvalidated Redirects**: The function uses the 'id' parameter in request directly as a URL for redirection or forwarding, which could be exploited by an attacker to bypass authentication and access other users data than intended if they provide input that is incorrectly formatted (e.g., deleting all user accounts).
9. **Insufficient Input Validation**: The function does not validate the 'id' parameter before using in a query string or redirection, which could be exploited by an attacker to bypass authentication and access other users data than intended if they provide incorrectly formatted input (e.g., deleting all user accounts).
10. **Unvalidated Redirects**: The function uses the 'id' parameter in request directly as a URL for redirection or forwarding, which could be exploited by an attacker to bypass authentication and access other users data than intended if they provide input that is incorrectly formatted (e.g., deleting all user accounts).
11. **Insufficient Input Validation**: The function does not validate the 'id' parameter before using in a query string or redirection, which could be exploited by an attacker to bypass authentication and access other users data than intended if they provide incorrectly formatted input (e.g., deleting all user accounts).
12. **Unvalidated Redirects**: The function uses the 'id' parameter in request directly as a URL for redirection or forwarding, which could be exploited by an attacker to bypass authentication and access other users data than intended if they provide input that is incorrectly formatted (e.g., deleting all user accounts).
13. **Insufficient Input Validation**: The function does not validate the 'id' parameter before using in a query string or redirection, which could be exploited by an attacker to bypass authentication and access other users data than intended if they provide incorrectly formatted input (e.g., deleting all user accounts).
14. **Unvalidated Redirects**: The function uses the 'id' parameter in request directly as a URL for redirection or forwarding, which could be exploited by an attacker to bypass authentication and access other users data than intended"
code_review,cr10,deepseek-coder:1.3b,0.0,0.0,0.0,128,5040752800,86,301148900,5496029300,7528,1,"The given Python code snippet is vulnerable to an HTTP Request Forgery (CSRF) attack, which can be exploited by malicious users in order for them to send a request that will execute on the server side and potentially lead to unauthorized access or data modification. 

This type of vulnerability should not occur unless you're using this URL directly from an untrusted source (like user input), as it would be against best practices in web development, which is generally discouraged for security reasons due to the potential impact on your server and users if misused by malicious actors.
"
